{
  "model": {
    "type": "select",
    "index": 0,
    "cases": [
      {
        "model": {
          "type": "select",
          "model": "item/netherite_spear",
          "property": "custom_model_data",
          "cases": [
            {
              "when": "Bluemystic Spear",
              "model": {
                "type": "model",
                "model": "item/weapons/spears/bluemystic_spear"
              }
            }
          ],
        "fallback": {
          "type": "model",
          "model": "item/netherite_spear"
        }
        },
        "when": [
          "gui",
          "ground",
          "fixed",
          "on_shelf"
        ]
      }
    ],
    "fallback": {
      "type": "select",
      "model": "item/netherite_spear_in_hand",
      "property": "custom_model_data",
      "cases": [
        {
          "when": "Bluemystic Spear",
          "model": {
            "type": "model",
            "model": "item/weapons/spears/bluemystic_spear_in_hand"
          }
        }
      ],
      "fallback": {
        "type": "model",
        "model": "item/netherite_spear_in_hand"
      }
    },
    "property": "display_context"
  },
  "swap_animation_scale": 1.9
}